iter	RMSE
0	0.2877044215
1	0.2854540164
2	0.2801502828
3	0.2714937497
4	0.2690295636
5	0.265316756
6	0.2606331113
7	0.2565204558
8	0.2451877349
9	0.2413364244
