iter	RMSE
0	0.2804629594
1	0.2726801819
2	0.2620546617
3	0.2605414133
4	0.256536878
5	0.2528080096
6	0.2483175206
7	0.2423384207
8	0.2331608466
9	0.2274312101
