iter	RMSE
0	0.254391841
1	0.2520613666
2	0.2391321096
3	0.2363996574
4	0.2329567809
5	0.227799628
6	0.2238327546
7	0.217192834
8	0.2137921314
9	0.2104503712
