iter	RMSE
0	0.2527752125
1	0.2489452963
2	0.2428146173
3	0.2368824532
4	0.2321007704
5	0.2307148356
6	0.2231169193
7	0.2163390928
8	0.211791083
9	0.2092193364
